{
  "gxku999": {
    "balance": 90510,
    "last_bonus": 1760776064.5186222,
    "stats": {
      "wins": 4,
      "losses": 13,
      "earned": 80000,
      "lost": 112500
    }
  },
  "kiykva": {
    "balance": 41545,
    "last_bonus": 1760775933.904818,
    "stats": {
      "wins": 7,
      "losses": 12,
      "earned": 80856,
      "lost": 151311
    }
  },
  "klykva": {
    "balance": 11500,
    "last_bonus": 0,
    "stats": {
      "wins": 0,
      "losses": 0,
      "earned": 0,
      "lost": 0
    }
  }
}