{
  "gxku999": {
    "balance": 132510,
    "last_bonus": 1760776064.5186222,
    "stats": {
      "wins": 5,
      "losses": 16,
      "earned": 146000,
      "lost": 136500
    }
  },
  "kiykva": {
    "balance": 41545,
    "last_bonus": 1760775933.904818,
    "stats": {
      "wins": 7,
      "losses": 12,
      "earned": 80856,
      "lost": 151311
    }
  },
  "klykva": {
    "balance": 11500,
    "last_bonus": 0,
    "stats": {
      "wins": 0,
      "losses": 0,
      "earned": 0,
      "lost": 0
    }
  }
}